AGUA MINERAL IMPERIALTORONJA,1.5
PALOMA ESPUELA,2
AGUA TÓNICA,2.5
AGUARDIENTE ZHUMIR COCO,4.5
AGUARDIENTE ZHUMIR CRAMBERRY,4.5
AGUARDIENTE ZHUMIR DURAZNO,4.5
AGUARDIENTE ZHUMIR SECO SUAVE,4.5
ESPUMANTE PETERLONGO 660ML ( espuma del prado),5.25
CRISTAL DURAZNO 750ML,5.5
ESPUMANTE SANTA VERONA DOLCE 750ML,5.75
ESPUMANTE GRAND DUVAL CLASICO 750ML,6.75
PIÑA COLADA BAMBUCA 750ML,7
ESPUMANTE GRAND VANDUSH,7.25
PIÑA COLADA SUMMER LOVE 750 ML,7.25
CREMAS DE WHISKY MAZERATTO 750ML,7.5
AGUARDIENTE ZHUMIR PINK,9
CREMA DE WHISKY COLDS 750ML,9
PIÑA COLADA COLDS 750ML,9
CRISTAL ROJO CLASICO 750ML,10
AGUARDIENTE K-LEÑO  ROSADO,10.5
AGUARDIENTE K-LEÑO AMARILLO,10.5
CREMA DE WHISKY CHERISH,12
PIÑA COLADA CHERISH,12
AGUARDIENTE AMARILLO MANZANA,15
RON POM POM 750ML,4.25
RON DON CASTELÓ 1 LT,5
RON CUBANERO ORO 750 ml,7
RON ESTELAR ORO 750ML CON VASO,8
RON CARTAVIO BLACK 750 ml,8.5
RON CASTILLO BLANCO 750 ml,9
RON CARTAVIO SILVER (BLANCO) 750 ml,9.5
RON SAN MIGUEL SILVER 750 ml,9.5
RON SAN MIGUEL ORO MAS BOTELLA DE COLA 1L,10
RON CABALLO VIEJO 750 ml,12
RON ABUELO AÑEJO 750 ml,12.5
RON CIEN FUEGOS ORO 750 ml,13
RON VIEJO DE CALDAS 750 ML,14
RON BACARDI CARTA BLANCA 980 ml,17.5
RON BACARDI CARTA ORO 750 ml,17.5
"SANGRIA FIESTA BRAVA 1.15 L",5.5
TEQUILA GÜERO,5
TEQUILA EL CHARRO MARGARITA FRESA,10
TEQUILA EL CHARRO MARGARITA LIMON,10
TEQUILA KATRINA CANNABIS 750ml,10
TEQUILA KATRINA PINK 750ml,10
TEQUILA AZTECA BLANCO 750ML,16
TEQUILA AZTECA ORO 750ML,16
TEQUILA AZTECA SILVER GUITARRA 800ML,18
TEQUILA EL CHARRO GOLD 750ML,18
TEQUILA EL CHARRO SILVER,18
TEQUILA CANIJO ESPRESSO 700ML,19
TEQUILA CANIJO SILVER 700ML,19
TEQUILA CANIJO SPICY TAMARINDO 700ML,19
TEQUILA EL SOL GOLD 750ML,23
TEQUILA EL SOL SILVER 750ML,23
TEQUILA GRAN MALO,23.5
TEQUILA JOSE CUERVO GOLD 750 ML,55
TEQUILA JOSE CUERVO SILVER 750 ML,55
VINO ANTHONY FRAMBUESA LATA,1.75
VINO ANTHONY FRESA LATA,1.75
VINO ANTHONY MORA LATA,1.75
VINO ANTHONY MORA LIGHT LATA,1.75
VINO BRAVIO CARMENERE 750ML,3.75
VINO ARAUCO TINTO CHILENO 750ML,4
VINO FRAILE 750ML,4
VINO TINTO BALDORÉ 750ML,4
VINO CATADOR 750ML,4.5
VINO CRUZARES,4.5
VINO LA VID,4.5
VINO VIEJO VIÑEDO TINTO 750ML,4.5
VINO MIRAFLORES,5
VINO TINTO MARQUES DE PLATA,5
VINO PARRA TINTO DULCE 750ML,5.5
VINO VIÑA MAIPO CABERNET SAUVIGNON 750ML,5.5
VINO VIÑA MAIPO CARMENERE 750ML,5.5
VINO VIÑA MAIPO MERLOT 750ML,5.5
VINO JAMAICA STRON WOOD,6
VINO OPERA LOVE,6
VINO OPERA PINK,6
VINO TOCORNAL RED BLEND 750ML,6
VINO GATO NEGRO CABERNET MERLOT 750ML,6.5
VINO GATO NEGRO CABERNET SAUVIGNON 750ML,6.5
VINO GATO NEGRO CARMENERE 750ML,6.5
VINO GATO NEGRO MALBEC 750ML,6.5
VINO CHARLIE MIO BLANCO,7
VINO CHARLIE MIO ROSATO,7
VINO CHARLIE MIO TINTO,7
VINO CIDER FRUTOS ROJOS 750 ML ,7
VINO CIDER MANZANA 750 ML ,7
VINO GATO NEGRO BLANCO  DULCE 750ML,7
VINO GATO NEGRO ROSE DULCE 750ML,7
VINO GATO NEGRO TINTO DULCE 750ML,7
VINO LIEBFRAUMILCH PETER METER 750ml,7
VINO LIEFRAUMILCH KLAUS LANGHOFF 750ML,7
VINO TOCORNAL CABERNET SAUVIGNON 750ML,7
VINO TOCORNAL MERLOT 750ML,7
VINO ANTHONY BLANCO 750 ml,7.5
VINO ANTHONY MANZANA 750 ml,7.5
VINO ANTHONY ROSE 750 ml,7.5
VINO ANTHONY SANGRÍA 750 ml ,7.5
VINO ANTHONY CELEBRATION 750 ml,8
VINO ANTHONY FRAMBUESA 750 ml,8
VINO ANTHONY FRESA 750 ml,8
VINO ANTHONY MORA 750 ml,8
VINO BOONES MANZANA 750ML,8
VINO CALVET CABERNET SAUVIGNON,8
VINO LAMBRUSCO ROJO ,8
VINO LAMBRUSCO ROSATO CASSETA MARIA 750ml,8
VINO RESERVADO MERLOT CONCHA Y TORO (ROJO) 750ml,8
VINO CALVET MERLOT,9
VINO RESERVADO MALBEC CONCHA Y TORO (ROJO) 750ml,9
VINO CONOSUR BICICLETA CABERNET SAUVIGNON 750ML,10
VINO LAMBRUSCO TINTO ANTONIO MACCIERI,10
VINO RESERVADO CABERNET SAUVIGNON CONCHA Y TORO (ROJO) 750ml,10
VINO FRONTERA MERLOT,10.5
VINO LAMBRUSCO ROSATO ANTONIO MACCIERI,11.5
VINO CALVET MERLOT CABERNET SAUVIGNON BORDEAUX,13
VINO BLUE NUN,14
VINO CONCHA Y TORO CASILLERO DEL DIABLO ,18
VODKA SWITCH 1400 ml,3
VODKA ROMANOSKY AZUL 750 ml,3.5
VODKA ROMANOSKY ROSA 750 ml,3.5
VODKA RUSSOK NARANJILLA 750ML,4.25
VODKA RUSSOK SANDÍA 750ML,4.25
VODKA RUSO BLUEBERRY,4.5
VODKA RUSO NEUTRO ,4.5
VODKA RUSSOK  NEUTRO 750ML,5
VODKA RUSSOK GUARANÁ 750ML,5
VODKA RUSSOK STRAWBERRY 750ML,5
VODKA SIBERIAN GREEN APPLE 750ML,7
VODKA SIBERIAN CRAMBERRY 750 ml,7
VODKA SIBERIAN NEUTRO (AZUL) 750 ml,7.5
VODKA SKY,14
VODKA SMIRNOFF SPICY TAMARINDO 700ML,17
WHISKY RUM RUMBA 375 ML,2
WHISKY GENIO,5
WHISKY HASHTAG RED 1 LITRO,5
WHISKY STRON WOOD,5
WHISKY ZANDER,5
WHISKY GLENDGOLD  750ML,5.5
WHISKY MR ALLEN 1L,5.5
WHISKY SPECIAL QUEEN 700ML,5.5
WHISKY ASTILLA DE ROBLE 750ML,6
WHISKY GLENDGOLD MANZANA 750ML,6
WHISKY GLENDGOLD PIÑA 750ML,6
WHISKY SPECIAL QUEEN HONEY 700ML,6
WHISKY SPECIAL QUEEN MANZANA 700ML,6
WHISKY CARTAGO 1000 ml,6.6
WHISKY GLENDGOLD 1L,7
WHISKY OLD TIME CANELA ,7
WHISKY OLD TIME HONEY,7
WHISKY OLD TIME MANZANA,7
WHISKY OLD TIME VAINILLA,7
WHISKY GLENDGOLD MANZANA 1 L,7.5
WHISKY GLENDGOLD PIÑA  1 L,7.5
WHISKY ROYAL BLEND 1000 ml,9.5
WHISKY ASTILLA DE ROBLE 1750 ml,10
WHISKY CLAN MAGREGOR,10
WHISKY RED WILLIAMS 750ML,10
WHISKY RED WILLIAMS 750ML CON VASO,10
WHISKY OLD TIME RED 745 ML,11
WHISKY RED WILLIAMS 1 L  CON VASO,11
WHISKY JOHN MORRIS BLACK 750ML,12
WHISKY BLACK WILLIAMS 750 ml,13
WHISKY JOHN BARR ROJO 750 ml,13
WHISKY LABEL 5 700 ml,13
WHISKY OLD TIME RED 1L,13
WHISKY PASSPORT SELECTION,13
WHISKY WILLIAMS LAWSON 700ML CON VASO,13
WHISKY JOHN MORRIS BLACK 1 L,14
WHISKY JOHN MORRIS BLUE 750 ml,14
WHISKY OLD TIME BLACK 745ML,14.5
WHISKY BLACK AND WHITE ,15
WHISKY BLACK AND WHITE CON 2 VASOS,15
WHISKY BLACK OWL 750ml,15
WHISKY JOHN BARR NEGRO 750 ml,15
WHISKY JOHN MORRIS BLUE 1000 ml,15
WHISKY WILLIAM LAWSONS 750 ml,15
WHISKY LABEL 5 1000 ml,16
WHISKY PREMIUM TRIBUTE GUITARRA 800ML,17
WHISKY GRANTS ROJO 750ml,18.5
WHISKY BALLANTINES 700ml,20
WHISKY SANDY MAC 750ML,20
WHISKY SOMETHING SPECIAL 750ML,20.5
WHISKY GRANTS ANARANJADO 750ml,21
WHISKY GRANTS AZUL 750 ml,24
WHISKY SANDY MAC 1L,24
WHISKY SOMETHING SPECIAL 1L,24.5
WHISKY JHONNIE ROJO 750ML,27.5
WHISKY JAGERMEISTER 700ML,30
WHISKY JHONNIE ROJO 1L,34
WHISKY GRANTS VERDE 700 ml,38.5
 WHISKY CHIVAS REGAL  750ml ,45
WHISKY OLD PAR 750ML,51
WHISKY BUCHANA DELUXE 750 ML,58
WHISKY JHONNIE BLACK 750ML,60
WHISKY JACK DANIELS HONEY 750 ml,65
WHISKY JACK DANIEL'S OLD N ° 7 750 ml,65
WHISKY OLD PARR 12 AÑOS 1 LITRO,66
WHISKY BUCHANA MASTER 750 ML,68
WHISKY BUCHANAS DELUXE LITRO,68
WHISKY JHONNIE DOBLE BLACK 750ML,68
WHISKY JHONNIE BLACK LITRO,68
WHISKY JHONNIE SWING 7550ML,68
WHISKY JHONNIE DORADO 750 ML,68
WHISKY JHONNIE DORADO 750 ML CON COPA,68